{
    "compatible_printers": [
        "MyKlipper 0.4 nozzle"
    ],
    "default_filament_colour": [
        "#000000"
    ],
    "enable_pressure_advance": [
        "1"
    ],
    "fan_max_speed": [
        "50"
    ],
    "filament_flow_ratio": [
        "0.939"
    ],
    "filament_retract_when_changing_layer": [
        "1"
    ],
    "filament_retraction_length": [
        "0.5"
    ],
    "filament_retraction_speed": [
        "35"
    ],
    "filament_settings_id": [
        "Creality PETG - Black"
    ],
    "filament_vendor": [
        "Creality"
    ],
    "filament_wipe": [
        "1"
    ],
    "filament_z_hop": [
        "0.2"
    ],
    "filament_z_hop_types": [
        "Spiral Lift"
    ],
    "from": "User",
    "inherits": "Generic PETG @System",
    "is_custom_defined": "0",
    "name": "Creality PETG - Black",
    "nozzle_temperature": [
        "240"
    ],
    "nozzle_temperature_initial_layer": [
        "240"
    ],
    "pressure_advance": [
        "0.13"
    ],
    "slow_down_layer_time": [
        "1"
    ],
    "version": "2.3.0.3"
}
