{
    "compatible_printers": [
        "MyKlipper 0.4 nozzle"
    ],
    "default_filament_colour": [
        "#000000"
    ],
    "enable_pressure_advance": [
        "1"
    ],
    "filament_flow_ratio": [
        "0.988"
    ],
    "filament_retract_when_changing_layer": [
        "0"
    ],
    "filament_retraction_length": [
        "0.4"
    ],
    "filament_retraction_speed": [
        "35"
    ],
    "filament_settings_id": [
        "Elegoo PLA - Black"
    ],
    "filament_vendor": [
        "Elegoo"
    ],
    "filament_wipe": [
        "0"
    ],
    "filament_z_hop": [
        "0.2"
    ],
    "from": "User",
    "inherits": "Generic PLA @System",
    "is_custom_defined": "0",
    "name": "Elegoo PLA - Black",
    "nozzle_temperature": [
        "215"
    ],
    "nozzle_temperature_initial_layer": [
        "210"
    ],
    "nozzle_temperature_range_high": [
        "230"
    ],
    "nozzle_temperature_range_low": [
        "200"
    ],
    "pressure_advance": [
        "0.055"
    ],
    "version": "2.3.0.3"
}
